Case,Mean,Std
B_high,C_low,0.134806,0.006120
B_low,C_high,0.142684,0.005639
Both_high,0.151407,0.005313
Both_low,0.136577,0.007077
Overall,0.149771,0.007279
