Case,Mean,Std
B_high,C_low,0.148252,0.004830
B_low,C_high,0.151327,0.006398
Both_high,0.147792,0.004772
Both_low,0.150328,0.006255
Overall,0.148438,0.005047
