Case,Mean,Std
B_high,C_low,0.131441,0.004801
B_low,C_high,0.130928,0.004826
Both_high,0.132149,0.004750
Both_low,0.131646,0.004826
Overall,0.131574,0.004813
