Case,Mean,Std
B_high,C_low,0.131694,0.004856
B_low,C_high,0.133454,0.004722
Both_high,0.133399,0.004723
Both_low,0.132026,0.004892
Overall,0.132080,0.004885
