Case,Mean,Std
B_high,C_low,0.148333,0.004728
B_low,C_high,0.151526,0.006357
Both_high,0.147816,0.004826
Both_low,0.149451,0.005316
Overall,0.148430,0.004857
