Case,Mean,Std
B_high,C_low,0.147883,0.004735
B_low,C_high,0.146347,0.006719
Both_high,0.147623,0.004726
Both_low,0.149123,0.005349
Overall,0.147858,0.004928
