Case,Mean,Std
B_high,C_low,0.148210,0.004733
B_low,C_high,0.148960,0.006792
Both_high,0.147857,0.004733
Both_low,0.149558,0.005278
Overall,0.148263,0.004919
