Case,Mean,Std
B_high,C_low,0.147698,0.004730
B_low,C_high,0.147493,0.006888
Both_high,0.147280,0.004826
Both_low,0.148744,0.005245
Overall,0.147706,0.004942
