Case,Mean,Std
B_high,C_low,0.156129,0.008611
B_low,C_high,0.151236,0.005514
Both_high,0.147568,0.004864
Both_low,0.161792,0.005640
Overall,0.158793,0.007889
