Case,Mean,Std
B_high,C_low,0.134429,0.006324
B_low,C_high,0.143773,0.003991
Both_high,0.151443,0.005620
Both_low,0.136146,0.007282
Overall,0.148014,0.008864
